목숨걸고 시간을 측정하는 가장 과학적인 방법 (문과vs이과),11:05,조회수 5.3천회,18분 전
화염방사기로도 녹이지 못 하는 얼음 (으로 문과 친구 골탕 먹이기ㅋㅋㅋ),12:25,조회수 25만회,4일 전
우주로 보낸 치킨 원본 영상 (낙하소리 있음),39:09,조회수 26만회,6일 전
치킨을 우주로 발사해봤습니다... 이걸 찾을 수 있을까요?ㅋㅋㅋ (합성아님),23:14,조회수 91만회,7일 전
350년 된 들리지 않는 돌??... 직접 한번 만들어서 실험해 봤습니다.,11:52,조회수 37만회,12일 전
드럼통으로 만든 회전하는 바베큐 머신...에서 왜 닭백숙 맛이...? (나모 is back),20:50,조회수 34만회,2주 전
과학영재가 설계한 미래형 리어카!? 대회에서 1등한 혁신적인 기능들...,10:09,조회수 163만회,3주 전
해외에서 난리라는 자물쇠를 푸는 이 영상... 이게 되는 거였어?,10:26,조회수 413만회,3주 전
해명하겠습니다...,10:07,조회수 108만회,1개월 전
해외에서 난리라는 유체 무한동력 동영상.. 진짜 가능한 걸까?,7:40,조회수 103만회,1개월 전
츄파춥스를 쉽게 까는 세 가지 방법,5:05,조회수 14만회,1개월 전
눈 위에서 타는 자전거 보쉴?ㅋㅋㅋ,18:19,조회수 54만회,1개월 전
예상을 뒤집어 엎는 과학 현상들... 왜 이런 일이 생기는 걸까?,8:54,조회수 39만회,1개월 전
"공구계의 혁신, 방향 없는 볼트! 얼마나 실용적인지 직접 실험해 봤더니ㄷㄷ",16:06,조회수 46만회,1개월 전
이 기계는 손에 귤 한방울 묻히지 않고 까줍니다,7:13,조회수 40만회,1개월 전
해외에서 난리난 에어팟 피젯스피너... 업그레이드 시켜봤습니다 ㅋㅋㅋㅋㅋㅋ,14:22,조회수 37만회,1개월 전
국내 최초로 공개된 바다로봇..아무도 몰랐던 이 로봇의 충격적인 비밀 임무?,7:47,조회수 7.6만회,1개월 전
학생들의 영혼을 갈아 넣어 만든 특수 로봇....대체 무슨 용도로 만들었을까?,9:49,조회수 12만회,2개월 전
공중부양 수도꼭지.. 이게 진짜 가능한 걸까?..(집에서 하면 무조건 엄마한테 혼나는 실험),14:15,조회수 48만회,2개월 전
유리병 속에 갇힌 달걀을 꺼내보라고 했더니.. (이과vs문과),8:02,조회수 25만회,2개월 전
해외에서 난리난 암살자의 주전자… 원하는 곳에 원하는 액체만 따를 수 있다…?,14:05,조회수 108만회,2개월 전
공대생이 건조한 날씨 때문에 빡쳐서 만든 초대형 가습기 ㅋㅋㅋㅋㅋㅋ,12:33,조회수 40만회,2개월 전
고등학생 혼자서 100일 동안 만든 노트북? 돌아가는 프로그램의 상태가…,17:46,조회수 117만회,2개월 전
[홈비디오] 진짜 나무로 크리스마스 트리 꾸미기ㅋㅋㅋㅋㅋ,12:59,조회수 9만회,3개월 전
42억개 주문 들어온 무한동력 구슬멍 키트... 제품 발표회 열었는데 아무도 안왔다 (실제 판매량 공개...),30:43,조회수 25만회,3개월 전
"흡입력 세계 챔피언에게 빨대를 준다면, 건물 꼭대기에서 물을 마실 수 있을까?",11:41,조회수 55만회,3개월 전
"대답 못하면 물벼락 샤워ㅋㅋㅋ 🎄 크리스마스 기념 2년만에 하는 Q&A!  메이킹 비용, 여자친구, 긱블 취업 방법.. 이건 좀 귀한 걸",16:37,조회수 18만회,3개월 전
보조배터리 3개로 무한 전기 생성하는 진짜 방법... 공대생이 해냈다..?!,9:11,조회수 40만회,3개월 전
해외에서 난리라는 방향 없는 볼트.. 공구계의 혁신일까? 상술일까? 직접 써봤더니,13:37,조회수 134만회,3개월 전
"이 상황에서, 경찰이 도둑을 잡을 수 있는 방법은? (옆사람한테 바로 써먹을 수 있는 신박한 보드게임ㅋㅋㅋ)",11:58,조회수 68만회,3개월 전
음악에 맞춰서 윗몸일으키기 하는 인공지능 새우 스피커?! (진짜 기괴함 ㅋㅋㅋㅋ),16:12,조회수 26만회,3개월 전
공돌이들이 장애 예술인의 꿈을 이뤄드리기 위해 무수한 실패 끝에 완성시킨 로봇물고기ㅜㅜ (무게 175g 넘으면 실패),17:49,조회수 20만회,3개월 전
다리가 버티는 무게는 증가할까?,5:20,조회수 75만회,4개월 전
고등학생이 직접 만든 실사판 롤 소환사의 협곡 ㄷㄷㄷ,SHORTS,조회수 9.9만회,4개월 전
말 한마디의 중요성... (공약 지켰습니다),10:54,조회수 14만회,4개월 전
드디어 세상에 공개된... 무한동력(?) 기계... [긱블 언팩 이벤트 2021 티저],0:51,조회수 20만회,4개월 전
넷플릭스가 안 줘서 직접 만든 오징어게임 굿즈 (특별한 기능),14:37,조회수 16만회,4개월 전
고등학생이 직접 만든 실사판 롤 소환사의 협곡 High Schoolers made League of Legends giant Board Game,14:32,조회수 22만회,4개월 전
공학적으로 이길 수 밖에 없는 유리다리 건너기 게임 (오징어게임 실사판ㅋㅋㅋ),13:35,조회수 60만회,4개월 전
유리장인은 강화유리를 구별할 수 있을까? (오징어게임 유리다리 파훼법),10:18,조회수 19만회,5개월 전
하... 42억 개 주문 들어온...무한동력 구슬멍 키트... 만들기 진짜 너무 힘들었네요 ㅜㅜㅜㅜㅜ,7:48,조회수 117만회,5개월 전
영화 업 속 풍선으로 떠오르는 집 실제로 만들 수 있을까?,10:42,조회수 11만회,5개월 전
집 바로 앞에 휴전선이 생겨서 70년 넘게 가족을 못 만난 할머니... 저희가 조금 특별한 선물을 드렸습니다 (눈물주의),16:12,조회수 11만회,5개월 전
빈털터리 공대생이 연구실에서 시작한 스타트업.. 돈 버는 방법 공개합니다 (긱블 창업 스토리),13:59,조회수 45만회,5개월 전
“호불호 절대 갈리지 않는 음식” (3D프린터로 만든 오이에이드 키트),7:59,조회수 10만회,5개월 전
다이소 박스에 벼를 심어서 키울 수 있을까??! 직접 모내기까지 해봄ㅋㅋㅋ I 도시농부 EP.3,11:25,조회수 7.9만회,6개월 전
무한동력(?) 구슬 멍 키트 근황... 원작자에게 연락이 왔습니다ㅠㅠ..,7:28,조회수 105만회,6개월 전
과학적으로 친구를 방해하는 5가지 방법..(고양이도 좋아함ㅋㅋ),6:28,조회수 21만회,6개월 전
옥상에 벼 키워서 햇반 해먹기 가능?!ㅋㅋㅋ (feat. 승우아빠) I 도시농부 EP.2,15:38,조회수 11만회,6개월 전
골프공에 로켓연료를 넣어서 쳐본다면...? (공돌이가 골프치는 4가지 방법),16:52,조회수 10만회,6개월 전
음악에 맞춰 불꽃이 춤을 추는 장치를 만들어서 래퍼한테 선물해봤더니ㅋㅋㅋ,14:10,조회수 14만회,6개월 전
무한동력 구슬멍 기계 주문 42억개.....,23:36,조회수 58만회,6개월 전
정말 저에게 이런 일이 생길 줄 꿈에도 몰랐습니다... (무한동력 기계),4:34,조회수 164만회,6개월 전
해외에서 난리라는 무한동력 동영상.. 진짜 가능한 걸까?,8:40,조회수 732만회,6개월 전
급정지 했을 때 자동차 브레이크에 생기는 일...직접 실험해봄(과속이 위험한 이유),6:16,조회수 86만회,6개월 전
김제덕의 화이팅을 가장 리얼하게 들려주는 마법의 기계,4:11,조회수 13만회,7개월 전
고무통으로 벼 자동 재배 농장(스마트팜) 만들기... IQ 만점 공대생이 도와주러옴  | 도시농부 EP1,18:42,조회수 12만회,7개월 전
"건전지 3,000개로 테슬라 충전이 될까?",18:13,조회수 135만회,7개월 전
이과식 방탈출을 풀어야 퇴근할 수 있다... 농사하러 온 신입사원 승우아빠 첫 출근 신고식 ㅋㅋㅋㅋ  | 도시농부 EP0,13:40,조회수 16만회,7개월 전
사장님이 자리에서 일어나면 알람을 보내주는 IoT 장치 (회사에서 게임하고 싶어서 만듦ㅋㅋㅋ),16:17,조회수 57만회,7개월 전
면허 시험 응시자에게 슈퍼카를 연습용 차로 주면 생기는 일ㅋㅋㅋ,20:54,조회수 62만회,7개월 전
요즘 날씨에 [          ]이면 달걀이 익는다?,2:35,조회수 11만회,7개월 전
정신나간 공대생들이 연예인 하하를 괴롭히는 7가지 방법,23:28,조회수 28만회,7개월 전
면허시험 5번 떨어지고 빡쳐서 만든 운전면허 레이싱 기계 (의자가 움직인다!),12:05,조회수 30만회,8개월 전
"쇼미8 우승자 ""펀치넬로""와 찐팬의 만남.. 형 공연할 때 쓰라고 열심히 만들었어ㅠㅠ (배고플 때도 쓸 수 있어ㅋㅋ) [AOMG X 긱블]",17:40,조회수 21만회,8개월 전
쇼미8 우승자 펀치넬로가 의뢰한 마법의 기계는? (색깔도 바뀜),10:37,조회수 12만회,8개월 전
쓰레기로 만든 제로투 추는 로봇?!!ㅋㅋㅋㅋㅋㅋ,12:06,조회수 17만회,8개월 전
긱블 최초로 메이커 작품 키트로 만들었습니다 ㅋㅋㅋ(프링글스 리프터),5:51,조회수 14만회,8개월 전
"해외에서 논란인 사진 한 장, 상자는 열릴까? 닫힐까?",7:13,조회수 66만회,8개월 전
환자에게 30배의 약 처방을 내린 의사... (다시는 일어나면 안되는 일),5:28,조회수 8.4만회,8개월 전
수학적으로 절대 질 수 없는 당구 게임.. (으로 문과 친구 골탕먹이기ㅋㅋㅋ),14:43,조회수 329만회,8개월 전
지금까지 감사했습니다,2:21,조회수 34만회,8개월 전
폐수를 물로 바꾸는 간단한 방법ㅋㅋㅋㅋ 단 2가지만 있으면 됨ㅋㅋ,11:06,조회수 7.2만회,9개월 전
승우아빠 때문에 4층짜리 건물 임대했습니다... (철원국 결말 대공개),2:38,조회수 8.2만회,9개월 전
“포브스 선정 가장 쓸모없는 로스트아크 굿즈”,21:49,조회수 66만회,9개월 전
공대생들에게 현실 퀘스트 받으러 오면 생기는 일... (feat. 스트리머 쫀득),9:03,조회수 14만회,9개월 전
5천개 생산?ㅋㅋㅋ 무모한 공약을 걸었던 대표의 최후 (프링글스 리프터),4:00,조회수 16만회,9개월 전
프링글스 손쉽게 꺼내주는 마법의 기계 (이제 통 뒤집지 마세요),10:18,조회수 107만회,9개월 전
공대생이 만든 ‘배그 총기 반동’ 느끼는 장치;; ㅋㅋㅋ로 친구 놀리기!!ㅋ,9:05,조회수 68만회,9개월 전
긱블에서 제일 똑똑한 사람 가리기 대회,9:44,조회수 8.1만회,9개월 전
"올해, 대부분의 사람들이 본 적 없는 달이 떴다..?",3:26,조회수 10만회,9개월 전
실제로 작동하는 천만원짜리 초거대 아이폰 만들기 (애플한테 고소 당하면 영상 내릴게요ㅜㅜㅋㅋ) with 공대생 변승주,18:02,조회수 97만회,10개월 전
TV 만한 초대형 스마트폰 만들어달라고 떼쓰면서 개발자들 괴롭히는 영상ㅋㅋㅋㅋ (그래서 진짜로 만듦),11:38,조회수 11만회,10개월 전
카페트를 총으로 만들 수 있다고 해서 직접 쏴봄 ㅋㅋㅋㅋ,16:01,조회수 24만회,10개월 전
캔디 지팡이를 5연발 리볼버 지팡이로 개조시켜 봤더니..ㅋㅋㅋ,18:25,조회수 31만회,10개월 전
무기를 만들어 달라는 은밀한 의뢰... 세상에 나쁜 쿠키는 없다?! [성수동공업소 - 쿠키런킹덤편(의뢰)],10:59,조회수 11만회,10개월 전
물을 절대 흘릴 수 없는 마법의 기계│긱블 키트,2:45,조회수 27만회,10개월 전
세상을 바꾸기 위해 먼 길을 돌아 이 곳에 모인 사람들 | 긱블 다큐멘터리,32:45,조회수 12만회,10개월 전
메이커가 꿈이라면 반드시 봐야하는 영상,11:03,조회수 6.1만회,10개월 전
편의점 바코드로 즉흥 연주 하는 소리 한번 들어보쉴?ㅋㅋㅋ [성수동공업소 - 조매력편(메이킹)],17:45,조회수 71만회,10개월 전
편의점 바코드로 연주를 하겠다고...? (feat. 조매력) [성수동공업소 - 조매력편(의뢰)],7:17,조회수 15만회,10개월 전
전기 없이 살고 있는 14억 명의 사람들... 그들의 삶을 바꿔준 놀랍도록 간단한 발명품,9:08,조회수 12만회,10개월 전
긱블이 만든 세상에서 가장 비효율적인 손 안대고 캔 따는 기계 ㅋㅋㅋㅋㅋㅋㅋ,13:44,조회수 53만회,11개월 전
공돌이 채널 드디어 미대생 영입했습니다ㅜㅜㅜㅜㅜ,17:03,조회수 89만회,11개월 전
[홈비디오] 잭키 카트 타러 대천까지 갔는데 폐업함 ㅋ,6:09,조회수 6.6만회,11개월 전
승우아빠님이 의뢰한 발명품 : 헬창 바베큐 머신 (우리는 만들어 달라는대로 만들어 드림ㅋㅋㅋㅋ) [성수동공업소 - 승우아빠편(메이킹)],20:16,조회수 88만회,11개월 전
바베큐 그릴은 사서 쓰세요... 제발....!!! [성수동공업소 - 승우아빠편(의뢰)],8:20,조회수 42만회,11개월 전
모든 자석을 먹어버리는 마그네틱 슬라임.. (으로 친구 놀리기ㅋㅋㅋ),6:00,조회수 62만회,11개월 전
우리나라 서해를 지킨 55인의 용사들을 추모하는 특별한 가구,15:25,조회수 14만회,11개월 전
"물에 넣었다 빼도 원래 상태로 돌아온다는 모래, 이게 된다고?",5:19,조회수 13만회,11개월 전
덕후가 회삿돈으로 귀멸의 칼날 커스텀 마우스를 제작했습니다..,12:16,조회수 22만회,1년 전
과학적으로 모든 충격을 흡수해버리는 마법의 액체.. 로 문과친구 골탕 먹이기ㅋㅋㅋ (이과vs문과),12:01,조회수 88만회,1년 전
자동으로 칵테일 만들어주는 마법의 기계 ㅋㅋㅋㅋ 쉐이커 기능 대박 ㅋㅋㅋㅋㅋㅋㅋ,10:55,조회수 31만회,1년 전
우리가 지난 4년 동안 만든 발명품들... 과학 영재들 초대해서 리뷰 받아봤습니다... 근데 결론이ㅋㅋㅋㅋㅋㅋㅋㅋㅋㅋ,14:16,조회수 14만회,1년 전
직접만든 일론머스크가 주가 알려드립니다 ㅋㅋㅋㅋ 화성 갈끄니까~,13:55,조회수 47만회,1년 전
회사 사람들을 피규어로 만들어서 괴롭혔더니.. 현실이 되었다ㄷㄷ (feat. 저주인형),15:52,조회수 26만회,1년 전
삼일절 기념 리버스 그래피티 그리기,9:39,조회수 12만회,1년 전
해외에서 난리 난 이 영상을 이과생 소환해서 주작 감별해보았다,7:43,조회수 95만회,1년 전
공돌이한테 무기를 만들어 보라고 했더니.. 렌치를 깎아서 도끼를 만들어 오네?ㅋㅋㅋㅋ (with 오킹),10:53,조회수 70만회,1년 전
운동을 하면 자동으로 고기가 구워지는 마법의 기계 [성수동공업소 - 오킹편],15:47,조회수 33만회,1년 전
오늘부로 간판 바꿔 답니다~  무엇이든 만들어 드림ㅋㅋㅋㅋ [성수동 공업소 티저],1:46,조회수 12만회,1년 전
3D프린터로 만든 놀라운 동물장난감,6:10,조회수 17만회,1년 전
미래 우리의 설날 차례상은 이런 모습일까?,13:41,조회수 11만회,1년 전
작고 귀여운 인형을 18000V의 플라즈마를 내뿜는 괴물로 만들었더니... 충격적인 목소리가..,15:36,조회수 41만회,1년 전
여러분의 눈을 믿지 마세요... 3D프린터로 착시 현상 물건들 만들기ㅋㅋㅋ,8:13,조회수 109만회,1년 전
자강두천 두 메이커의 양보없는 진심 가우스 레일 대결 [찬스VS잭키],10:32,조회수 16만회,1년 전
3D프린터로 실용적으로 책상 정리하기,5:55,조회수 16만회,1년 전
우리나라에만 있다는 탕수육 찍먹 부먹 분쟁을 해결해주는 기계ㅋㅋㅋㅋㅋㅋ,10:50,조회수 25만회,1년 전
공학적으로 눈오리를 절대 부술 수 없게 만드는 방법 (무적 눈오리🦆ㅋㅋㅋ),9:55,조회수 77만회,1년 전
[홈비디오] 길가 얼음에 파묻혀 있는 긱블 작품... 곡괭이로 꺼내주었습니다,3:18,조회수 22만회,1년 전
아니 눈사람에 LED 넣었더니 되더라고...,9:45,조회수 31만회,1년 전
3D프린터로 만든 눈오리집게,6:09,조회수 58만회,1년 전
"어떤 가왕도 겸손하게 만들어 버리는 기상천외한 마법의 마이크.. 진짜 가수한테 써봤더니ㅋㅋㅋ (feat. 그렉형, 마술사 니키)",12:25,조회수 20만회,1년 전
코로나로 취소된 보신각 제야의 종 타종행사 직접 만들어서 종 울리기 [함께만든],21:18,조회수 68만회,1년 전
1초 안에 물병을 가득 채울 수 있는 과학적인 방법(으로 문과 친구 골탕먹이기ㅋㅋㅋ),9:51,조회수 78만회,1년 전
역대급 승차감을 느낄 수 있는 리무진 자전거ㅋㅋㅋ (버려진 자전거 개조하기),13:17,조회수 100만회,1년 전
3D프린터와 함께하는 공돌이들의 크리스마스...,7:34,조회수 38만회,1년 전
집에서 하면 무조건 엄마한테 혼나는 실험,9:01,조회수 52만회,1년 전
증강현실로 초대형 물수제비 기계를 만들어보았습니다 (누구나 가능ㅎ),11:36,조회수 14만회,1년 전
물에 흡수되지 않는 물방울..? 직접 실험해봤다!,9:14,조회수 30만회,1년 전
드릴 말씀이 있습니다...(채용/투자),10:28,조회수 8.1만회,1년 전
전국 메이커들 긱블에 다 모였다ㅋㅋㅋㅋㅋㅋㅋ,17:02,조회수 18만회,1년 전
[ENG SUB] 장난감 거짓말 탐지기의 충격적인 업그레이드... 전기 충격기가 되어버렸다 I Geekble,13:07,조회수 27만회,1년 전
"🐯힙합 레전드 ""타이거JK""와 찐팬의 만남... 진짜 공들여서 만들었는데 형 반응 보고 뭉클했잖아ㅠㅠ🐯",13:32,조회수 40만회,1년 전
자동차 광고에서 자동차 얘기를 하지마,14:42,조회수 16만회,1년 전
내일 날씨에 따라 내용물이 바뀐다는 19세기 물건.. 직접 만들고 실험해봄!,9:43,조회수 82만회,1년 전
치킨이 치킨 배달하는 거 본 적 있음? (자율주행임ㅋㅋㅋ),14:21,조회수 25만회,1년 전
고등학생이 만든 실사판 어몽어스 맵 High Schoolers made AMONG US giant Board Game (All Tasks Working!),14:24,조회수 391만회,1년 전
"아니, 깨지지 않고 무조건 터져버리는 신기한 유리가 있다고?",7:27,조회수 117만회,1년 전
공돌이가 쇼미9 보다가 꽂혀서 만든 아크원자로 합격 목걸이,10:20,조회수 11만회,1년 전
립밤에도 칼로리가 있을까? 먹으면 살찔까?,8:21,조회수 14만회,1년 전
물수제비 100번 튕기는 거 보쉴?ㅋㅋㅋ (궁극의 물수제비 기계 만들어봄),14:53,조회수 347만회,1년 전
한 물리학자가 개발한.. 마찰력만으로 테니스공 탑을 쌓는 방법.. 진짜될까?!,8:22,조회수 66만회,1년 전
물이 스스로 다른 통으로 이동한다고?? 직접 실험 해봄ㅋㅋㅋ (해외에서 난리난 실험),8:01,조회수 175만회,1년 전
자전거는 사서 타세요..... 제발  (오토바이 아님주의),16:43,조회수 196만회,1년 전
모래 속에 묻혀있는 공을 손대지 않고 꺼낼 수 있는 신박한 방법ㅋㅋㅋ,9:15,조회수 14만회,1년 전
세상에서 제일 큰 221cm 인간 전용 엑스박스 컨트롤러ㅋㅋㅋ,27:10,조회수 60만회,1년 전
작품 제작 의뢰가 들어왔습니다ㅋㅋ 누군지 맞혀보세요,1:27,조회수 10만회,1년 전
공돌이가 회사에서 게임하고 싶어서 만든 신박한 장치 (feat. 어몽어스 긴급회의소집),11:01,조회수 79만회,1년 전
"직접만든 레이싱 게임! 다깨면 찐 고인물 인정ㅋㅋㅋ 사나고, 사물궁이, 공돌이용달도 나온다?",14:40,조회수 21만회,1년 전
화약 없이 대포를 쏴보라고 했더니..ㅋㅋㅋ (이과vs문과),14:34,조회수 73만회,1년 전
5천원 짜리 쪼렙 망원경.. 달의 지형까지 관측 가능하다는데? 진짜 될까???,9:21,조회수 66만회,1년 전
내가 원하는 카페 로고로 바뀌는 마법의 머그컵,5:58,조회수 11만회,1년 전
3D프린터로 지저분한 책상 마법같이 정리하기ㅋㅋㅋㅋㅋㅋ,9:34,조회수 39만회,1년 전
해외에서 완전 난리라는 공기우산.. 이게 진짜 될까? 직접 써봤더니..,8:45,조회수 305만회,1년 전
공대생의 야스오는 과학이다,15:05,조회수 7.4만회,1년 전
같이 납땜해요😍 (1일차)｜실시간 납땜 방송❤️｜ 인두기 + 장작 타는 소리｜ASMR｜공돌이｜같이공부해요 아니거든요,4:36:33,조회수 6.2만회,스트리밍 시간: 1년 전
스파게티가 원래 이렇게 강했어요? (챌린지),13:25,조회수 37만회,1년 전
유리컵을 깨보라고 했더니.. (이과vs문과),8:05,조회수 152만회,1년 전
(2탄) 직접만든 탱크로 로켓 발사하고 드리프트까지 해보기ㅋㅋㅋ,16:13,조회수 29만회,1년 전
게임하다 빡쳐서 39일 동안 만든 실사판 탱크,14:56,조회수 62만회,1년 전
빛나는 피라미드가 알고보니... 무한한 에너지를 가졌다고? 와...,7:56,조회수 27만회,1년 전
수소만으로 달리는 자동차를 만든다던데.. 정말로 될까?,14:23,조회수 64만회,1년 전
3D 프린터로 만든 5가지 선물 (사촌 동생 전용),6:46,조회수 50만회,1년 전
파맛 첵스에 초강력 자석을 넣자.. 충격적인 결과가.. 왜 이러는 걸까?,7:45,조회수 49만회,1년 전
강아지는 색을 구분할 수 있을까?,11:54,조회수 7.2만회,1년 전
태양계 밖에서 날아온 의문의 메시지.. 전세계 과학자들이 흥분한 이유 (외계인?),8:09,조회수 31만회,1년 전
3D 프린터도 좋아해달라고...,3:02,조회수 34만회,1년 전
공대생이 만든 술 쏴버리는 마법의 기계,6:27,조회수 18만회,1년 전
예측할 수 없는 난제라 불리는 물리학 실험.. 충격적인 삼중 진자운동,11:33,조회수 206만회,1년 전
실제 전쟁 중 발사된 어느 군인의 총알 하나.. 놀라운 형태로 되살아나다,13:26,조회수 49만회,1년 전
토마토 케첩을 토마토 주스로 만들어주는 마법의 기계,14:22,조회수 41만회,1년 전
다트 100개로 파이(ㅠ)를 구할 수 있는 신박한 게임 (이과 vs 문과),9:58,조회수 18만회,1년 전
ㅋㅋㅋㅋㅋㅋ 터널 ㅋㅋㅋㅋㅋ..... ㅇㅋ,9:43,조회수 36만회,1년 전
친구 놀리려고 일주일만에 만든 모바일 게임ㅋㅋㅋ 출시까지 함ㅋㅋㅋ (+제작과정),11:39,조회수 45만회,1년 전
원래 공돌이들 집은 다 이런 겁니까?ㅋㅋㅋㅋㅋㅋ,9:22,조회수 29만회,1년 전
"더블비님 골드버튼 직접 만들고 부서트리기ㅋㅋㅋ(feat.임다,더블비)",8:15,조회수 94만회,1년 전
비오는 여름.. 뜨거운 물이 없을 때 라면을 끓여먹을 수 있는 과학적인 방법,9:57,조회수 144만회,1년 전
나이키 신발이 살아 남을 수 있을까...? 물로 무늬를 입힌다고.. 와.. (수전사 커스텀 휠라 신발 | Hydro dipping),5:50,조회수 80만회,1년 전
중력을 거스르는 거대 구조물! 직접 만들어봄 (feat. 공돌이용달),11:39,조회수 102만회,1년 전
물리학적으로 이길 수 밖에 없는 내기(로 문과 친구 골탕 먹이기ㅋㅋㅋ),9:55,조회수 255만회,1년 전
"스마트폰 전파로 철 수세미를 불태우는 실험... 상상도 못한 간단한 방법으로 불꽃을 만들 수 있다 (5G, 밀리미터파에 대하여)",11:36,조회수 177만회,1년 전
3초 안에 대답하지 못하면 물벼락을 맞는다고? | 50만 구독자 QnA,12:01,조회수 22만회,1년 전
레이저 포인터 하나로 탈모 진단하는 방법,6:50,조회수 22만회,1년 전
최첨단 미래식품을 맛본 긱블러들 반응ㅋㅋㅋ (곤충식품 왜 먹는걸까??),12:12,조회수 8.3만회,1년 전
모터 소음을 아름다운 음악으로 바꿔주는 신박한 장치 (feat. 나비보벳따우),10:38,조회수 29만회,1년 전
나비보벳따우 이과 버전 (문돌이들 듣고있나?),2:25,조회수 32만회,1년 전
공대생이 만든 대왕 짜파구리 쫄병스낵을 만드는 마법의 기계,7:36,조회수 38만회,1년 전
전자레인지에 비누를 넣고 돌리면.. 왜 이렇게 되는 걸까??,9:21,조회수 55만회,1년 전
프라이팬에서 연기나게 생일 케이크 차려주기 (긱블 팀원 소개),10:26,조회수 12만회,1년 전
공돌이를 가둬놓고 심심하게 만들었더니.. 괴상한 물건을 만들기 시작했다(거대 버니어),9:45,조회수 33만회,1년 전
후라이드 치킨을 교촌 레드콤보로 바꿔주는 마법의 기계 (치킨발사기2),16:49,조회수 59만회,1년 전
"10,000km 떨어진 아이슬란드의 천연 눈을... 녹이지 않고 한국으로 가져오기",11:37,조회수 69만회,1년 전
배 위에서 수평을 유지해주는 마법의 의자 (대형 짐벌 의자),15:50,조회수 115만회,1년 전
우린 세상을 바꿀 겁니다,2:15,조회수 14만회,1년 전
공대생의 끝판왕이 만든 날개 달린 차를 타봤다 | (테슬라 모델X 시승기 좀 담아봄ㅋ),14:22,조회수 30만회,1년 전
🐔치킨을 심폐소생 하는 게임 만들기,14:06,조회수 17만회,1년 전
이것은 '초밥'처럼 생겼지만 초밥이 아닙니다.. 절대로,9:33,조회수 12만회,1년 전
절대 얼지 않는 '이 액체'에 드라이아이스를 부었더니.. 왘ㅋㅋ생각도 못한 결과물ㅋㅋㅋ,9:14,조회수 49만회,2년 전
모두의 비난과 조롱에도.. 역사를 바꿔버린 테슬라 일론머스크,9:11,조회수 258만회,2년 전
과학적으로 잔치국수를 만들면 무슨 맛일까? (분자요리 잔치국수),15:00,조회수 56만회,2년 전
말도 안되는 고민을 대신 대답해주는 마법의 기계 (인간보다 똑똑한 마법의 'OOOO') ENG SUB,4:52,조회수 21만회,2년 전
기계공학과 학생이 방학 때 만든 붕어빵 자동 생산 기계 (Eng sub),18:18,조회수 184만회,2년 전
공대생이 도전한 하늘을 나는 스팀펑크 비행선 (도색 스페셜),4:27,조회수 9.9만회,2년 전
스티븐 호킹이 마지막 강연에서 한 말(감동),9:29,조회수 367만회,2년 전
문과는 절대 끝까지 못듣는 음악... #2 | 깨진 유리가 음악이 되는 긱블식 운영,4:53,조회수 16만회,2년 전
3D프린터 장인 긱블이 3D펜 장인 사나고에게 몰카해보기,14:06,조회수 152만회,2년 전
수십 개의 ⚙️톱니바퀴⚙️와 공대감성이 만나 탄생한 예술 작품,11:26,조회수 31만회,2년 전
항공모함 어떻게 만드는지 배우고 오겠습니다...,9:58,조회수 17만회,2년 전
중국의 천재 과학자가 행방불명된 충격적인 이유?! (유전자 편집 아기의 탄생),6:18,조회수 37만회,2년 전
마동석도 들 수 없는 페인트통 만들기ㅋㅋㅋ (with 수상한 녀석들),12:54,조회수 158만회,2년 전
차세대 미세먼지 마스크.. 직접 착용하고 나가봤더니 사람들 반응잌ㅋㅋ,4:00,조회수 31만회,2년 전
책 표지 뜯으면 알 수 있는 책의 비밀ㅋㅋㅋㅋㅋㅋ,7:28,조회수 16만회,2년 전
지금 보이는 열차를 OO로 만들었다고...? (직접 만든 우리나라 첫 지하철 모형),11:05,조회수 29만회,2년 전
루게릭병을 가진 아버지가 딸에게 목소리를 들려줄 수 있게 하는 기계 (ENG SUB),13:43,조회수 161만회,2년 전
제철소에서 직접 가져온 철로 다마스커스 호미 만들기,13:07,조회수 64만회,2년 전
레진으로 고양이 분수대 고치기(ENG SUB),6:59,조회수 38만회,2년 전
한이음 엑스포에서 당신의 머릿속을 꿰뚫는 로봇을 만나다,9:08,조회수 9.6만회,2년 전
직접 만든 악마의 단검으로 뜨끈한 돼지국밥 만들기 (vs 사나고),14:49,조회수 144만회,2년 전
굿즈... 전부 설명해 드리겠습니다,1:09,조회수 8.9만회,2년 전
터널은 대체 어떻게 뚫는걸까?,12:39,조회수 50만회,2년 전
직접 만든 작업복을 입고.. 이 장면을 재구성 했습니닼ㅋㅋㅋ,8:43,조회수 21만회,2년 전
공대생이 클럽 가려고 만든 특수 마스크 (ENG sub),15:39,조회수 81만회,2년 전
이 로봇을 1주일만에 만든다고..? 그것도 고등학생이.. 와.. (ENG sub),14:27,조회수 136만회,2년 전
설마 아직도 고기 굽습니까 휴먼?? 양면으로 고기 구워주는 로봇이 한턱 쏴서 먹고 왔다! | Pork meat cooking by Robot,5:01,조회수 24만회,2년 전
이걸 만드신 분을.. 직접 보게 될 줄 몰랐습니다.. 와..,11:03,조회수 94만회,2년 전
세종이 한글을 만들기 위해.. 포기한 이것.. ( 초대형 한글 시계 ) ENG sub,3:09,조회수 38만회,2년 전
과학적으로 노른자 100개를 만들면 무슨 맛일까? (ENG sub),13:55,조회수 50만회,2년 전
문과는 절대 끝까지 못듣는 음악... (문과 무시 아님) ENG sub,5:38,조회수 102만회,2년 전
대형 진동으로 불의 모양이 바뀌는 놀라운 장치.. 음악을 틀었더니 불의 상태가..?! (ENG sub),12:21,조회수 53만회,2년 전
핫식스 뽑기 가방으로 생활의 편리함을 느껴보세요. (단돈 6만원),2:50,조회수 21만회,2년 전
3D프린터로 만든 놀라운 스마트폰 거치대,4:25,조회수 42만회,2년 전
"축하 케이크에 18,000V를 흘려 보았더니 ... 케이크의 상태가??? (고전압주의)",5:25,조회수 24만회,2년 전
긱블이라는 회사를 하는 이유,10:28,조회수 12만회,2년 전
뇌가 10%밖에 없는데 살아 있을 수 있다고? (한 남자의 뇌 90%가 쪼그라든 이유),6:29,조회수 9.8만회,2년 전
직접 만든 화염방사기로 쏜 지옥불.. 생각보다 위력이 충격적인데..? (ENG SUB),15:52,조회수 78만회,2년 전
알라딘 양탄자와 카트라이더 카트가 경주하면 누가 이길까? (긱블 vs 형독),7:06,조회수 107만회,2년 전
게임하다 빡쳐서 만든 실사판 넥슨 카트라이더 (2단 화염 부스터) ENG SUB,18:32,조회수 335만회,2년 전
우주로 간 버려진 강아지.. 그리고 충격적인 소련의 은폐.. (슬픔주의),5:49,조회수 44만회,2년 전
이 비행기의 운명은??? (feat.ASMR),9:14,조회수 25만회,2년 전
3D 프린터로 마법같이 자취방 꾸미기,9:16,조회수 59만회,2년 전
"18,000V 전기로 마법같이 예쁜 인테리어 만들기",13:12,조회수 168만회,2년 전
이걸.. 취미로 만든다고요..? 직접 입으려 하니 더 충격적인..,12:31,조회수 111만회,2년 전
미니언즈 CCTV 만들어서.. 회사 사람들 관찰해 봤더니..,7:53,조회수 69만회,2년 전
누가 시키는 대로만 하지마,1:51,조회수 62만회,2년 전
자부심 오지는 형 두 명 싸움붙이고 찐텐 구경하기 (공대생 vs 공대생),6:27,조회수 20만회,2년 전
뒤늦게 사과하는 호날두 (유벤투스 내한),7:38,조회수 30만회,2년 전
캔이 가루가 돼 버리는 실험.. 직접 만졌더니 충격적인 결과가...,8:29,조회수 119만회,2년 전
직접 만든 알라딘 마법의 양탄자 타고 인싸동 라이딩 하기(ENG Sub),14:38,조회수 250만회,2년 전
3D 프린터 장인이 만든 휴대용 핀볼 머신,3:10,조회수 33만회,2년 전
"총과 현금을 숨길수 있는 은밀한 액자 만들기 (타임어택) John Wick , Kingsman",5:54,조회수 47만회,2년 전
버려진 볼트로 만든 귀여운 마블 피규어,6:09,조회수 26만회,2년 전
유튜브가 보내준 실버버튼 24K 순금이랑 브론즈로 도금하기,14:50,조회수 208만회,2년 전
더위를 혁신적으로 날리는 마법의 기계,8:34,조회수 48만회,2년 전
초등학생 키가 2m를 넘으면 벌어지는 일 (인류 역사상 제일 키 큰 남자... 몇 m까지?),8:32,조회수 237만회,2년 전
3D프린터로 뽑은 기묘한 인테리어 소품 7가지,4:48,조회수 41만회,2년 전
"개조한 방독면 쓰고 극악의 냄새들과 싸워봄(취두부, 고추폭탄)",8:31,조회수 46만회,2년 전
3D 프린터로 마법같이 책상 정리하기,6:23,조회수 93만회,2년 전
떨어지는 물방울을 멈추는 마법의 기계 - 나우유씨미 실사판(ENG SUB),9:26,조회수 266만회,2년 전
나를 위한 장난감 만들기ㅋ (ENG sub),3:25,조회수 10만회,2년 전
고기에서 버터 맛이 나게 해주는 마법의 기계(ENG SUB),12:47,조회수 245만회,2년 전
볼펜으로 만든 놀라운 장난감 (절대 따라하지 마세요),5:49,조회수 82만회,2년 전
드라이아이스에 엄청 뜨거운 알루미늄을 부었더니.. (소리주의),8:57,조회수 352만회,2년 전
주의※ 악플을 달 수 없는 영상입니다,7:30,조회수 33만회,2년 전
노벨상을 53억원에 팔게 된 과학자 (말 한 마디의 중요성),6:32,조회수 25만회,2년 전
불타는 헬멧 몰래카메라ㅋㅋㅋ(어르신 반응이????),9:02,조회수 46만회,2년 전
긱블이 뭐하는 회사냐구요?,14:02,조회수 67만회,2년 전
3D 프린터로 뽑은 히오스 피젯스피너에 폭죽 달고 겁나 빠르게 돌려보기,7:27,조회수 62만회,2년 전
자신의 다리를 만들기 위해... 공부를 시작해서 MIT를 간 천재 과학자...,5:15,조회수 11만회,2년 전
3D프린터로 겐지 용검 만들어서 오이베기 (사나고 vs 긱블),7:29,조회수 109만회,2년 전
핸드메이드 최첨단 청소기?! 기능 무엇 ㄷㄷ   ( 30000000원 청소기 VS 삼성제트 ),7:04,조회수 23만회,2년 전
스트레스 완벽 해소! 샷건정수기 만들어봤습니다ㅋㅋㅋㅋㅋ,3:22,조회수 73만회,2년 전
역사상 가장 문제가 많았던 우주선 (아폴로 13호),10:08,조회수 16만회,2년 전
두 손이 없었던 꼬마...모든 의사와 간호사가 출동하자 벌어진 일(눈물주의),6:32,조회수 70만회,2년 전
오렌지 쥬스를 뿜는 감스트  분수대,6:55,조회수 43만회,2년 전
드론을 진공에 넣으면? 날 수 있을까? (우주드론),8:16,조회수 200만회,2년 전
유튜버 1분과학 얼굴 복사해서 가면 만들기,5:39,조회수 22만회,2년 전
"자궁경부암 환자에게서 발견된 충격적인 세포, '이 세포는 절대로 죽지 않는다'",5:21,조회수 55만회,2년 전
여성환자들 몰래... 본인의 정자로 수십차례 인공수정시킨 의사 (어떤 처벌을 받았을까?),4:32,조회수 114만회,2년 전
후라이드를 허니콤보로 바꿔주는 마법의 기계 (치킨발사기1),10:50,조회수 282만회,2년 전
1년 동안 수만명의 기형아...이 사태로부터 미국을 구한 FDA 신입사원의 '결단',5:10,조회수 133만회,2년 전
10조원짜리 회사를 날린... 스탠포드 대학교 출신 역대급 사기꾼 (과연 감옥에 갔을까?),10:24,조회수 359만회,2년 전
나라가 준 약을 먹은 금메달리스트는 어떻게 됐을까?,6:11,조회수 147만회,2년 전
어벤져스 엔드게임 기다리다 만든 캡틴 방패 (ㄹㅇ변신가능..역대급..),6:26,조회수 103만회,2년 전
발사되는 총을 종이로 만드는 고등학생 핵금손 유튜버 ㄷㄷㄷㄷㄷㄷ,16:04,조회수 73만회,2년 전
쇠막대기에 뇌가 뚫린 남자... 그가 박물관의 살아있는 전시품이 되어버린 이유,6:26,조회수 413만회,2년 전
3D프린터로 뽑은 놀라운 장난감,4:59,조회수 186만회,2년 전
루시우 너프돼서 빡쳐서 만든 루시우 총ㅜㅜㅜㅜㅜㅜㅜㅜㅜ,5:35,조회수 66만회,2년 전
거대 불회오리로 양꼬치 구워먹어봄ㅋㅋㅋㅋㅋㅋ 색깔도 바뀜!!,7:59,조회수 57만회,2년 전
혼자... 우주로 가서... 인간을 대신해 충격적인 임무를 진행한 천재 침팬지 (슬픔주의),5:41,조회수 988만회,2년 전
애교부리는 먕먕이,2:54,조회수 2.7만회,2년 전
2차세계대전 당시 탱크의 기술력은 지금과 얼마나 다를까? (게임 월드 오브 탱크),5:43,조회수 25만회,2년 전
망치기계로 맥북에어 부숴보기 ㅋㅋㅋㅋㅋㅋㅋㅋㅋ,8:15,조회수 48만회,3년 전
긱블 작품들을 실제로 볼 수 있는 기회!,7:53,조회수 9.4만회,3년 전
마동석 X 마동석로봇 콜라보했습니다ㅋㅋㅋㅋㅋㅋㅋ,1:01,조회수 118만회,3년 전
"탄산 우유, 탄산 소주는 무슨 맛일까?",8:32,조회수 45만회,3년 전
ㄹㅇ 레전드 궁예 손전등ㅋㅋㅋㅋㅋㅋㅋ엄청셈ㅋㅋㅋㅋㅋㅋㅋ,7:22,조회수 23만회,3년 전
역대급 대박 여행용 캐리어; 공항에서 사람들 다쳐다봄ㅋㅋㅋㅋ(ENG SUB),3:44,조회수 141만회,3년 전
소형 풍력 발전기... 얼마나 빨리 돌려야 스마트폰 충전할 수 있을까?,8:21,조회수 28만회,3년 전
목소리 작으면 세뱃돈 못 받는다(음성인식 머니건),7:08,조회수 16만회,3년 전
요리는 이렇게 하는 겁니다(실사판 아이언맨),5:40,조회수 83만회,3년 전
나쁜 기억을 지워주는 마법의 흑역사 안경,6:26,조회수 25만회,3년 전
불타는 검으로 촛불에 불 붙이기 (과연 붙을까?),7:20,조회수 49만회,3년 전
일어나자마자 총으로 알람터뜨리기ㅋㅋㅋㅋ 그 결과는? (오버워치 애쉬),3:54,조회수 25만회,3년 전
애쉬는 똥챔이 아닙니다 (실사판 오버워치 애쉬),7:06,조회수 30만회,3년 전
형 그 책 뭐야?,5:02,조회수 21만회,3년 전
물 주면 움직이는 놀라운 그루트 피규어,3:59,조회수 50만회,3년 전
공돌이가 만든 크고 우람한 것ㅋㅋㅋㅋㅋㅋㅋㅋ,6:51,조회수 68만회,3년 전
신비한 동물사전 속 가방의 놀라운 능력?? ㅋㅋㅋㅋㅋ가방 속에 이런게 있다고? 영화 신동사 실사판,3:53,조회수 25만회,3년 전
수능 시험지 씹어먹는 해리포터 괴물책 (신비한 동물 사전),3:11,조회수 23만회,3년 전
스타워즈 라이트세이버로 과일 써는 게임을 해보았습니다ㅋㅋㅋㅋㅋ,3:32,조회수 10만회,3년 전
두뇌자동차를 만들어서 tvN 문제적남자에 출연했습니다 ㅋㅋㅋㅋ,4:09,조회수 43만회,3년 전
볼드모트 피규어 약간 이상하게 만들기 ㅎㅎ,5:37,조회수 12만회,3년 전
뇌만 있어도 살 수 있는 세상?,3:05,조회수 4.3만회,3년 전
발디의 수학교실 사람잡는 로봇 X나 무섭다…,2:27,조회수 23만회,3년 전
혼자 무인도에 버려졌을 때... 구조 신호 보내는 방법,3:18,조회수 19만회,3년 전
이상한 사람들이 너무 많다?! 분위기 심상치 않은 긱블 방문기!,10:37,조회수 20만회,3년 전
블루투스 조종 수퍼마리오 등껍질 (회전 속도가 ㅎㄷㄷ),2:48,조회수 9.8만회,3년 전
공돌이 용달 vs 실사판 주황버섯,3:01,조회수 12만회,3년 전
트와이스 노래에 이런 짓을?! 이과가 또...,2:11,조회수 20만회,3년 전
심즈에 나오는 ‘그것’을 드론으로,2:24,조회수 22만회,3년 전
긱블도 댓글 읽어봤습니다ㅋㅋㅋㅋㅋㅋㅋㅋ,9:00,조회수 7.2만회,3년 전
공부하다가 졸면 겁나 세게 때리는 마동석 펀치 기계,2:49,조회수 52만회,3년 전
그라가스 술통을 만들어서 서울숲에 굴려보았습니다,4:29,조회수 10만회,3년 전
솔로를 위한 안경이 있다?? SOLO GLASS 미래 신기술,3:50,조회수 8.6만회,3년 전
떨어진 음식 3초 안에 주워 먹으면 괜찮다?! (공대생의 소개팅),2:21,조회수 9.2만회,3년 전
"배틀그라운드_에 스님이 등장했다!? 목탁으로 치킨먹기ㅋㅋㅋㅋㅋ (석가탄신일, 부처님 오신 날)",3:24,조회수 12만회,3년 전
배틀그라운드 초고속으로 빨리 낙하산 떨어지는 법 (배린이 시청 필수),3:03,조회수 97만회,3년 전
배틀그라운드 소음기의 원리는 뭘까? (총의 신비),1:36,조회수 14만회,3년 전
공대생이 제작한 불 뿜는 인피니티 건틀렛(어벤져스),3:20,조회수 58만회,3년 전
전기뱀장어로 핸드폰을 충전할 수 있을까? 공짜 전기 개이득?,2:26,조회수 15만회,3년 전
"공대생과 미대생의 북한말 통역기 만들기 (손전화기, 곽밥,  살결물)  North South Korea Summit",6:13,조회수 12만회,3년 전
실사판 포켓몬 거북왕! 송크란 물총 축제를 뒤집어 놓아따!! (Songkran Pokemon in Thailand สงกรานต์),3:57,조회수 51만회,3년 전
.avi,2:39,조회수 11만회,3년 전
해리포터 말하는 모자가 뼈 때려서 울부짖는 공돌이 용달,4:34,조회수 16만회,3년 전
멀티탭 72개로 가방을 만든다면? (새학기 엠티에서 인싸되는 꿀팁ㅋㅋ),3:35,조회수 11만회,4년 전
손가락만한 세상에서 제일 작은 냉장고 (The Smallest Refrigerator in the World / ENG SUB),7:42,조회수 32만회,4년 전
회사에서 몰래 고기를 먹는 공돌이용달 (징계 위원회 소집),6:56,조회수 20만회,4년 전
5G가 빠른 이유(공돌이 용달 닮은 로봇),4:40,조회수 15만회,4년 전
신박하게 시간 아끼는 법ㅋㅋ 세계 최초 1초만에 물 따르는 정수기,1:44,조회수 22만회,4년 전
실사판 오버워치 해킹장갑ㅋㅋㅋ(솜브라),2:28,조회수 41만회,4년 전
포트리스_이걸로 아침 먹으면 개꿀? 시리얼 발사기,3:07,조회수 10만회,4년 전
최첨단 얼굴인식 선풍기ㅋㅋㅋ(병맛 고퀄),2:16,조회수 21만회,4년 전
킹스맨 실사판 우산총! 시끄러운 친구들 정의구현했습니다ㅋㅋㅋ,3:18,조회수 69만회,4년 전
만약 핵폭탄이 터지면 삼겹살은 어디쯤에서 익을까?,3:18,조회수 36만회,4년 전
에프킬라 이용해서 만든... 불 쏘는 무선 조종 꽃 (슈퍼마리오),3:24,조회수 23만회,4년 전
인공지능이 탑재된 리모컨 (소름 주의),2:21,조회수 17만회,4년 전
공대생이 심심해서 만든 괴상한 기계,0:57,조회수 9.6만회,4년 전
좀 특이한 디제잉,2:44,조회수 13만회,4년 전
이게 진짜 가방이라고? (놀라운 기능),2:24,조회수 35만회,4년 전
"긱블 간단 소개 영상! (아이언맨 광자포 ~ 루피 팔 1분 요약, 공대생, 메이커 )",1:11,조회수 5.6만회,4년 전
사람 팔이 2m일 때 벌어지는 일,2:06,조회수 14만회,4년 전
영하 196도 액체질소 발사...뭐든지 얼려버리는 실사판 오버워치 메이 총,2:17,조회수 212만회,4년 전
슬픈 말을 하면 눈물 흘리는 페페 정수기,2:42,조회수 39만회,4년 전
라인하르트 대형 방패에 폭죽 발사ㅋㅋㅋㅋㅋㅋ,1:54,조회수 77만회,4년 전
실제 사람만한 무선 조종 가오나시 만들기(센과 치히로),2:25,조회수 18만회,4년 전
